uniqueID,IDALL,All_services_average_percent_transf,All_services_average,Impact of intensification on the availability of: Food [ratio of treatment/control: intercrop/rotation:solecrop],Impact of intensification on the availability of: Freshwater/drinking water,Impact of intensification on the availability of: Fiber,Impact of intensification on the availability of: Biochemicals,Impact of intensification on: Genetic Resources/ diversity,"Impact of intensification on: 
 Climate regulation (reduction in GHG emissions - reduction = good)","Impact of intensification on: 
 Disease regulation (<1 = good, reduction in disease)","Impact of intensification on: 
 Weed/pest regulation (reduction in weed/pest biomass or weed dry matter)","Impact of intensification on: 
 Water regulation (e.g. runoff, water use efficiency, infiltration)","Impact of intensification on: 
 Water purification",Impact of intensification on: ES supporting Soil formation/flood prevention,Impact of intensification on: ES Supporting Nutrient cycling,"Impact of intensification on: 
 ES supporting Primary production (e.g. total biomass)","Impact of intensification on: 
 Biodiversity Species: occurrence/abundance - Diversity, composition,Abundance, behaviour","Impact of intensification on: 
 Biodiversity- Ecosystem ondition/ecosystem quality","Impact of intensification on: 
 Biodiversity- Habitat (Land sparing)","Soil organic carbon (linked to carbon sequestration, primary productivity, biodiversity, nutrient cycling, water formation, soil stability: https://doi.org/10.1016/B978-0-12-811687-6.00001-8)",Econ_wellbeing_average,"Impact of intensification on: 
 Income Gain/Net Benefits proportion",Impact of intensification on: Income Security/Avoiding Risk of Financial Loss,Savings in Costs of Labour,"Impact of intensification on: material assets/physical capital (Shelter, energy (electricity), cooking fuel, sanitation facilities, market infrastructure)","Combined 
 ecological-social outcome"
1,1,15,1.15,1.15,NA,NA,NA,NA,NA,NA,NA,NA,NA,NA,NA,NA,NA,NA,NA,NA,2.12,2.12,Positive,,NA,Win-Win
2,1,1,1.01,1.01,NA,NA,NA,NA,NA,NA,NA,NA,NA,NA,NA,NA,NA,NA,NA,NA,1.89,1.89,Positive,,NA,Win-Win
3,2,4.9671,1.049671,1.049671,NA,NA,NA,NA,NA,NA,NA,NA,NA,NA,NA,NA,NA,NA,NA,NA,1.02701784,1.02701784,NA,,NA,Win-Win
4,2,10.952641,1.10952641,1.10952641,NA,NA,NA,NA,NA,NA,NA,NA,NA,NA,NA,NA,NA,NA,NA,NA,1.33868449,1.33868449,NA,,NA,Win-Win
7,9,59.6683525,1.596683525,1.42,NA,NA,NA,NA,NA,NA,1.21,NA,NA,NA,1.5882353,2.1684988,NA,NA,NA,NA,2.76,2.76,NA,,NA,Win-Win
10,14,54.55,1.5455,1.258,NA,NA,NA,NA,NA,NA,NA,NA,NA,NA,1.833,NA,NA,NA,NA,NA,1.992,1.992,NA,,NA,Win-Win
11,16,112.261429,2.12261429,2.12261429,NA,NA,NA,NA,NA,NA,NA,NA,NA,NA,NA,NA,NA,NA,NA,NA,2.05,2.05,NA,,Positive ,Win-Win
12,18,133.088235,2.33088235,1.8117647,NA,NA,NA,NA,NA,NA,NA,2.85,NA,NA,NA,NA,NA,NA,NA,NA,1.457,1.457,NA,,Mixed,Win-Mix
13,19,1.334876333,1.013348763,1.06018519,NA,NA,NA,NA,NA,NA,NA,NA,NA,NA,1.0173611,0.9625,NA,NA,NA,NA,1.06,1.06,NA,,NA,Win-Win
15,39,-13.575,0.86425,0.9585,NA,NA,NA,NA,0.77,NA,NA,NA,NA,NA,NA,NA,NA,NA,NA,NA,1.366,1.366,NA,,Positive,Mix-Win
16,39,20.6,1.206,1.289,NA,NA,NA,NA,1.123,NA,NA,NA,NA,NA,NA,NA,NA,NA,NA,NA,2.782,2.782,NA,,Positive,Mix-Win
17,39,-21,0.79,0.866,NA,NA,NA,NA,0.714,NA,NA,NA,NA,NA,NA,NA,NA,NA,NA,NA,1.596,1.596,NA,,Positive,Mix-Win
18,39,10.4,1.104,1.156,NA,NA,NA,NA,1.052,NA,NA,NA,NA,NA,NA,NA,NA,NA,NA,NA,3.151,3.151,NA,,Positive,Mix-Win
23,50,20.45387833,1.204538783,1.29310345,NA,NA,NA,NA,NA,NA,NA,NA,NA,NA,1.1666667,NA,NA,NA,NA,1.1538462,1.668202555,1.668202555,NA,,NA,Win-Win
24,50,47.52365667,1.475236567,2,NA,NA,NA,NA,NA,NA,NA,NA,NA,NA,1.1949405,NA,NA,NA,NA,1.2307692,3.031706204,3.031706204,NA,,NA,Win-Win
25,50,22.286561,1.22286561,1.18215613,NA,NA,NA,NA,NA,NA,NA,NA,NA,NA,1.3,NA,NA,NA,NA,1.1864407,1.322730924,1.322730924,NA,,NA,Win-Win
26,50,46.564552,1.46564552,1.79182156,NA,NA,NA,NA,NA,NA,NA,NA,NA,NA,1.3339286,NA,NA,NA,NA,1.2711864,2.283148594,2.283148594,NA,,NA,Win-Win
27,56,26.7226475,1.267226475,1.8949825,NA,NA,NA,NA,NA,NA,NA,1.0123273,NA,Neutral,1.0825838,NA,NA,NA,NA,1.0790123,1.802556818,1.802556818,NA,,NA,Mix-Win
28,59,17.16666667,1.171666667,1,NA,NA,NA,NA,NA,NA,NA,NA,1.467,1.048,NA,NA,NA,NA,NA,NA,2.042411642,2.042411642,NA,,Mixed,Mix-Mix
29,61,36.51996067,1.365199607,1.22222222,NA,NA,NA,NA,NA,NA,1.7142857,NA,Positive,NA,1.1590909,NA,NA,NA,NA,NA,1.216637782,1.216637782,NA,,NA,Win-Win
30,64,15.66397,1.1566397,0.98975,NA,NA,NA,NA,NA,NA,1.3235294,NA,NA,NA,NA,NA,NA,NA,NA,NA,1,1,NA,,NA,Mix-Mix
31,64,45.185,1.45185,1.1537,NA,NA,NA,NA,NA,NA,1.75,NA,NA,NA,NA,NA,NA,NA,NA,NA,1.15,1.15,NA,,NA,Win-Win
32,64,-24.215875,0.75784125,1.0727,NA,NA,NA,NA,NA,NA,0.4429825,NA,NA,NA,NA,NA,NA,NA,NA,NA,1.05,1.05,NA,,NA,Mix-Win
34,72,26.525411,1.26525411,1.45050822,NA,NA,NA,NA,NA,NA,NA,NA,NA,NA,1.08,NA,NA,NA,NA,NA,1.499866365,1.499866365,NA,,NA,Win-Win
35,72,16.025599,1.16025599,1.28051198,NA,NA,NA,NA,NA,NA,NA,NA,NA,NA,1.04,NA,NA,NA,NA,NA,1.22135074,1.22135074,NA,,NA,Win-Win
36,74,41.76446667,1.417644667,1.574,NA,NA,NA,NA,NA,NA,1.58,NA,NA,NA,NA,1.098934,NA,NA,NA,NA,1.3765,1.3765,Positive,,NA,Win-Win
38,97,21.022727,1.21022727,1.21022727,NA,NA,NA,NA,NA,NA,NA,NA,NA,NA,NA,NA,NA,NA,NA,NA,1.67,1.67,NA,,NA,Win-Win
39,97,25.568182,1.25568182,1.25568182,NA,NA,NA,NA,NA,NA,NA,NA,NA,NA,NA,NA,NA,NA,NA,NA,2.88,2.88,NA,,NA,Win-Win
40,97,30.487805,1.30487805,1.30487805,NA,NA,NA,NA,NA,NA,NA,NA,NA,NA,NA,NA,NA,NA,NA,NA,1.15,1.15,NA,,NA,Win-Win
41,97,16,1.16,1.16,NA,NA,NA,NA,NA,NA,NA,NA,NA,NA,NA,NA,NA,NA,NA,NA,1.54,1.54,NA,,NA,Win-Win
42,99,21.98419165,1.219841917,1.41898527,NA,NA,NA,NA,1.307392996,NA,NA,NA,NA,NA,1.0637037,NA,NA,NA,NA,1.0892857,1.287423155,1.287423155,NA,,Negative,Win-Mix
43,99,5.165243325,1.051652433,1.08919804,NA,NA,NA,NA,0.953307393,NA,NA,NA,NA,NA,1.0977778,NA,NA,NA,NA,1.0663265,1.063626177,1.063626177,NA,,Negative,Mix-Mix
46,104,14.94686632,1.149468663,1.32561294,NA,0.94864,NA,NA,1.216219276,NA,NA,1.2493295,NA,NA,NA,1.0075416,NA,NA,NA,NA,1.226105005,1.315287836,NA,,1.136922175,Win-Mix
47,105,70.11820967,1.701182097,1.29221689,NA,NA,NA,NA,0.9878,NA,NA,2.8235294,NA,NA,NA,NA,NA,NA,NA,NA,1.4048,1.4048,NA,,Negative,Mix-Mix
48,105,84.449741,1.84449741,1.38057723,NA,NA,NA,NA,0.932,NA,NA,3.220915,NA,NA,NA,NA,NA,NA,NA,NA,1.583,1.583,NA,,Negative,Mix-Mix
49,106,33.3822566,1.333822566,1.68656716,1.05334,NA,NA,NA,1.408573104,NA,NA,1.18681,NA,NA,NA,NA,NA,NA,NA,NA,1.873669269,1.873669269,NA,,Mixed,Win-Mix
50,106,41.44176125,1.414417613,1.91791045,1.03525,NA,NA,NA,1.46,NA,NA,1.24451,NA,NA,NA,NA,NA,NA,NA,NA,2.499645138,2.499645138,NA,,Mixed,Win-Mix
51,106,36.80230225,1.368023023,1.78358209,1.07335,NA,NA,NA,1.28,NA,NA,1.33516,NA,NA,NA,NA,NA,NA,NA,NA,1.921575586,1.921575586,NA,,Mixed,Win-Mix
52,107,205.932615,3.05932615,4.29954955,NA,NA,NA,NA,1.81910275,NA,NA,NA,NA,NA,NA,NA,NA,NA,NA,NA,1.816,1.816,NA,,Negative,Win-Mix
53,107,83.0228748,1.830228748,2.79504505,NA,NA,NA,NA,0.865412446,NA,NA,NA,NA,NA,NA,NA,NA,NA,NA,NA,1.699,1.699,NA,,Negative,Mix-Mix
54,118,58.5,1.585,1.585,NA,NA,NA,NA,NA,NA,NA,NA,NA,NA,NA,NA,NA,NA,NA,NA,7.195,7.195,NA,,NA,Win-Win
55,128,247.6112775,3.476112775,2.2755102,NA,NA,NA,NA,NA,NA,NA,NA,NA,NA,2.8404255,1.7857143,NA,NA,NA,7.0028011,4.321428571,4.321428571,NA,,NA,Win-Win
56,128,205.9483365,3.059483365,2.63265306,NA,NA,NA,NA,NA,NA,NA,NA,NA,NA,2.5744681,1.4285714,NA,NA,NA,5.6022409,5.227678571,5.227678571,NA,,NA,Win-Win
57,132,339.333333,4.39333333,4.39333333,NA,NA,NA,NA,NA,NA,NA,NA,NA,NA,NA,Positive,NA,NA,NA,NA,5.5,5.5,NA,,NA,Win-Win
58,132,323.666667,4.23666667,4.23666667,NA,NA,NA,NA,NA,NA,NA,NA,NA,NA,NA,Positive,NA,NA,NA,NA,4,4,NA,,NA,Win-Win
59,132,221.666667,3.21666667,3.21666667,NA,NA,NA,NA,NA,NA,NA,NA,NA,NA,NA,Positive,NA,NA,NA,NA,3.6,3.6,NA,,NA,Win-Win
60,140,17,1.17,1.17,NA,NA,NA,NA,NA,NA,NA,NA,NA,NA,NA,NA,NA,NA,NA,NA,1.266666667,1.266666667,Negative ,,NA,Win-Mix
61,140,18,1.18,1.18,NA,NA,NA,NA,NA,NA,NA,NA,NA,NA,NA,NA,NA,NA,NA,NA,1.185185185,1.185185185,Negative ,,NA,Win-Mix
67,179,38.68086275,1.386808628,1.21481481,NA,NA,NA,NA,NA,NA,NA,NA,1.7857,1.52,1.0267197,NA,NA,NA,NA,NA,1.504920202,1.504920202,NA,,NA,Win-Win
68,185,133.5,2.335,3.22,NA,NA,NA,NA,1.45,NA,NA,NA,NA,NA,NA,NA,NA,NA,NA,NA,1.93,1.93,NA,,Mixed,Win-Mix
69,195,31.929864,1.31929864,1.7,NA,NA,NA,NA,NA,NA,NA,1.3267327,NA,NA,1.1493955,1.07,NA,NA,NA,1.350365,2.428571429,2.428571429,Positive,,Positive,Win-Win
70,195,28.794632,1.28794632,1.79,NA,NA,NA,NA,NA,NA,NA,1.1459459,NA,NA,1.1637857,1.1,NA,NA,NA,1.24,2.416666667,2.416666667,Neutral,,Positive,Win-Mix
71,195,11.54033138,1.115403314,1.166666667,NA,NA,NA,NA,NA,NA,NA,1.287128713,NA,NA,1.029360967,1.028166792,NA,NA,NA,1.065693431,1.666666667,1.666666667,Positive,,Positive,Win-Win
72,195,16.84155987,1.168415599,1.125,NA,NA,NA,NA,NA,NA,NA,1.437837838,NA,NA,1.049697494,1.037542662,NA,NA,NA,1.192,1.333333333,1.333333333,Neutral,,Positive,Win-Mix
73,198,3.238,1.03238,1.03238,NA,NA,NA,NA,NA,NA,NA,NA,NA,NA,NA,NA,NA,NA,NA,NA,1.04065,1.04065,NA,,Neutral,Win-Win
74,198,0.097,1.00097,1.00097,NA,NA,NA,NA,NA,NA,NA,NA,NA,NA,NA,NA,NA,NA,NA,NA,0.997,0.997,NA,,Neutral,Win-Mix
75,199,23.43,1.2343,1.2125,NA,NA,NA,NA,NA,NA,NA,1.2561,NA,NA,NA,NA,NA,NA,NA,NA,1.2352,1.2352,NA,Negative,Negative,Win-Mix
76,199,8.11,1.0811,1.0626,NA,NA,NA,NA,NA,NA,NA,1.0996,NA,NA,NA,NA,NA,NA,NA,NA,1.0614,1.0614,NA,Negative,Negative,Win-Mix
77,199,10.925,1.10925,1.143,NA,NA,NA,NA,NA,NA,NA,1.0755,NA,NA,NA,NA,NA,NA,NA,NA,1.1517,1.1517,NA,Negative,Negative,Win-Mix
78,200,110,2.1,1.3,NA,NA,NA,NA,NA,NA,1,NA,NA,NA,NA,NA,NA,NA,NA,4,1.26,1.26,Positive,,Positive,Mix-Win
79,202,5.14,1.0514,1.0514,NA,NA,NA,NA,NA,NA,NA,NA,NA,NA,Positive,NA,NA,NA,NA,NA,7.1481,7.1481,NA,,Positive,Win-Win
80,202,26.81,1.2681,1.2681,NA,NA,NA,NA,NA,NA,NA,NA,NA,NA,Positive,NA,NA,NA,NA,NA,8.3756,8.3756,NA,,Positive,Win-Win
81,202,15.31,1.1531,1.1531,NA,NA,NA,NA,NA,NA,NA,NA,NA,NA,Positive,NA,NA,NA,NA,NA,3.2854,3.2854,NA,,Positive,Win-Win
82,202,16.372,1.16372,1.16372,NA,NA,NA,NA,NA,NA,NA,NA,NA,NA,Positive,NA,NA,NA,NA,NA,4.0357,4.0357,NA,,Positive,Win-Win
83,214,7.234688667,1.072346887,1.19721386,NA,NA,NA,NA,NA,NA,NA,NA,NA,NA,1.009617,1.0102098,NA,NA,NA,NA,1.143614734,1.143614734,NA,,NA,Win-Win
84,217,3.139795519,1.031397955,1.113452915,NA,NA,NA,NA,Positive,NA,NA,NA,1,NA,1.012138906,1,NA,NA,NA,NA,1.215273733,1.215273733,NA,,NA,Mix-Win
85,220,34.505588,1.34505588,1.34505588,NA,NA,NA,NA,NA,NA,NA,NA,NA,NA,NA,NA,NA,NA,NA,NA,1.225742337,1.225742337,Positive,,Negative,Win-Mix
86,220,7.472494,1.07472494,1.07472494,NA,NA,NA,NA,NA,NA,NA,NA,NA,NA,NA,NA,NA,NA,NA,NA,0.947827342,0.947827342,Positive,,Negative,Win-Mix
88,231,19.516129,1.19516129,1.19516129,NA,NA,NA,NA,Positive,NA,NA,NA,Positive,NA,NA,NA,NA,NA,NA,NA,1.551283173,1.551283173,NA,,Positive,Win-Win
89,251,16.09344228,1.160934423,0.914141414,NA,NA,NA,NA,NA,NA,NA,1.0581255,NA,1.051495,1.6041667,NA,NA,NA,NA,1.1767435,3.0375,3.0375,NA,,Negative,Mix-Mix
90,251,-1.650139131,0.983498609,0.843434343,NA,NA,NA,NA,NA,NA,NA,0.9614512,NA,1.0830565,1.0625,NA,NA,NA,NA,0.967051,1.275,1.275,NA,,Negative,Mix-Mix
91,251,2.37567497,1.02375675,0.848484848,NA,NA,NA,NA,NA,NA,NA,0.9665911,NA,1.0472868,1.2083333,NA,NA,NA,NA,1.0480877,0.675,0.675,NA,,Negative,Mix-Mix
92,251,11.80738887,1.118073889,0.843434343,NA,NA,NA,NA,NA,NA,NA,1.1030234,NA,1,1.5208333,NA,NA,NA,NA,1.1230784,0.4125,0.4125,NA,,Negative,Mix-Mix
101,258,20.427,1.20427,1.20427,NA,NA,NA,NA,NA,NA,NA,NA,NA,NA,NA,Positive,NA,NA,NA,NA,1.1776,1.1776,NA,,NA,Win-Win
102,259,21.70733133,1.217073313,1.39285714,NA,NA,NA,NA,NA,NA,NA,NA,NA,NA,1.1289398,NA,NA,NA,NA,1.129423,1.376452363,1.376452363,NA,,NA,Win-Win
103,259,14.06262533,1.140626253,1.10526316,NA,NA,NA,NA,NA,NA,NA,NA,NA,NA,1.0773639,NA,NA,NA,NA,1.2392517,1.43609605,1.43609605,NA,,NA,Win-Win
104,268,79.94538835,1.799453883,1.799453883,NA,NA,NA,NA,NA,NA,NA,NA,NA,NA,NA,NA,NA,NA,NA,NA,1.433270928,1.433270928,NA,,NA,Win-Win
105,268,46.86097276,1.468609728,1.468609728,NA,NA,NA,NA,NA,NA,NA,NA,NA,NA,NA,NA,NA,NA,NA,NA,1.433270928,1.433270928,NA,,NA,Win-Win
106,268,68.17475124,1.681747512,1.681747512,NA,NA,NA,NA,NA,NA,NA,NA,NA,NA,NA,NA,NA,NA,NA,NA,1.433270928,1.433270928,NA,,NA,Win-Win
107,272,19.91445667,1.199144567,NA,NA,NA,NA,NA,NA,NA,NA,NA,NA,1.2229299,1.2340426,NA,NA,NA,NA,1.1404612,2,2,NA,,NA,Win-Win
109,278,59.4927835,1.594927835,1.51256227,NA,NA,NA,NA,NA,NA,1.6772934,NA,NA,NA,NA,NA,NA,NA,NA,NA,1.877427184,1.877427184,NA,,Negative,Win-Mix
110,282,-8.72093,0.9127907,0.9127907,NA,NA,NA,NA,NA,NA,NA,NA,NA,NA,Positive,NA,NA,NA,NA,NA,1.425287356,1.425287356,NA,Negative,NA,Mix-Mix
111,282,8.67052,1.0867052,1.0867052,NA,NA,NA,NA,NA,NA,NA,NA,NA,NA,Positive,NA,NA,NA,NA,NA,2.077777778,2.077777778,NA,Negative,NA,Win-Mix
112,282,-10.365854,0.89634146,0.89634146,NA,NA,NA,NA,NA,NA,NA,NA,NA,NA,Positive,NA,NA,NA,NA,NA,1.2,1.2,NA,Negative,NA,Mix-Mix
117,293,4.76,1.0476,1.0476,NA,NA,NA,NA,NA,NA,NA,NA,NA,NA,NA,NA,NA,NA,NA,NA,4.559053837,4.559053837,NA,,Negative,Win-Mix
118,293,0,1,1,NA,NA,NA,NA,NA,NA,NA,NA,NA,NA,NA,NA,NA,NA,NA,NA,8.42,8.42,NA,,Negative,Mix-Mix
119,293,6.45,1.0645,1.0645,NA,NA,NA,NA,NA,NA,NA,NA,NA,NA,NA,NA,NA,NA,NA,NA,2.376422514,2.376422514,NA,,Negative,Win-Mix
120,293,4.55,1.0455,1.0455,NA,NA,NA,NA,NA,NA,NA,NA,NA,NA,NA,NA,NA,NA,NA,NA,0.159557314,0.159557314,NA,,Negative,Win-Mix
121,293,4.02,1.0402,1.0402,NA,NA,NA,NA,NA,NA,NA,NA,NA,NA,NA,NA,NA,NA,NA,NA,1.570312022,1.570312022,NA,,Negative,Win-Mix
122,293,11.05,1.1105,1.1105,NA,NA,NA,NA,NA,NA,NA,NA,NA,NA,NA,NA,NA,NA,NA,NA,1.563943631,1.563943631,NA,,Negative,Win-Mix
125,297,10.555556,1.10555556,1.10555556,NA,NA,NA,NA,NA,NA,NA,NA,NA,NA,NA,NA,NA,NA,NA,NA,1.940817551,1.940817551,NA,,Positive,Win-Win
126,309,235.4989524,3.354989524,5.894736842,NA,NA,NA,NA,1.336898396,NA,NA,NA,NA,NA,NA,2.833333333,NA,NA,NA,NA,6.232226264,11.42862191,NA,1.035830619,Negative,Win-Mix
127,319,20,1.2,1.19,NA,NA,NA,NA,NA,NA,NA,NA,NA,NA,NA,1.21,NA,NA,NA,NA,1,1,NA,,NA,Win-Mix
128,320,22.27016703,1.22270167,1.232107438,NA,NA,NA,NA,NA,NA,NA,NA,NA,NA,1.213295903,NA,NA,NA,NA,NA,1.122229439,1.122229439,NA,,Negative,Win-Mix
130,329,40.92857143,1.409285714,1.46,NA,NA,NA,NA,NA,NA,NA,NA,NA,NA,1.487857143,1.28,NA,NA,NA,NA,3.22,3.22,NA,,Negative,Win-Mix
131,329,37.11428571,1.371142857,1.47,NA,NA,NA,NA,NA,NA,NA,NA,NA,NA,1.333428571,1.31,NA,NA,NA,NA,3.25,3.25,NA,,Negative,Win-Mix
132,329,18.17238095,1.18172381,1.22,NA,NA,NA,NA,NA,NA,NA,NA,NA,NA,1.175171429,1.15,NA,NA,NA,NA,2.08,2.08,NA,,Negative,Win-Mix
133,329,26.85238095,1.26852381,1.32,NA,NA,NA,NA,NA,NA,NA,NA,NA,NA,1.325571429,1.16,NA,NA,NA,NA,2.54,2.54,NA,,Negative,Win-Mix
134,329,22.17619048,1.221761905,1.37,NA,NA,NA,NA,NA,NA,NA,NA,NA,NA,1.065285714,1.23,NA,NA,NA,NA,2.54,2.54,NA,,Negative,Win-Mix
135,337,-0.659317707,0.993406823,NA,NA,NA,NA,NA,1,NA,NA,NA,NA,NA,0.935370757,NA,NA,NA,NA,1.026940764,1.048662463,1.048662463,Positive,Negative,NA,Mix-Mix
136,338,58.02779537,1.580277954,1.897305907,NA,NA,NA,NA,NA,NA,NA,NA,NA,NA,NA,1.26325,NA,NA,NA,NA,1.23,1.23,NA,,NA,Win-Win
139,356,11.87471961,1.118747196,1.087483176,NA,NA,NA,NA,1.22,NA,NA,NA,1.125,NA,1.21,NA,NA,1.06,1.01,NA,1.34,1.34,Positive,,Mixed,Win-Mix
140,356,22.44773441,1.224477344,1.306864065,NA,NA,NA,NA,1.25,NA,NA,NA,1.21,NA,1.24,NA,NA,1.17,1.17,NA,1.17,1.17,Positive,,Mixed,Win-Mix
142,366,26.77460063,1.267746006,1.78821363,NA,NA,NA,NA,0.970238095,NA,NA,NA,NA,NA,1.0352397,1.2772926,NA,NA,NA,NA,1.598185242,1.598185242,NA,,Negative,Mix-Mix
143,366,36.5229365,1.365229365,1.6519337,NA,NA,NA,NA,0.96031746,NA,NA,NA,NA,NA,0.938186,1.9104803,NA,NA,NA,NA,1.213319637,1.213319637,NA,,Negative ,Mix-Mix
144,367,7.6027545,1.076027545,1.22146239,NA,NA,NA,NA,NA,NA,NA,NA,NA,NA,NA,0.9305927,NA,NA,NA,NA,2.193680249,2.193680249,NA,,NA,Mix-Win
145,367,-0.04694,0.9995306,1.1734072,NA,NA,NA,NA,NA,NA,NA,NA,NA,NA,NA,0.825654,NA,NA,NA,NA,2.170420393,2.170420393,NA,,NA,Mix-Win
146,367,3.0524925,1.030524925,1.28172255,NA,NA,NA,NA,NA,NA,NA,NA,NA,NA,NA,0.7793273,NA,NA,NA,NA,2.616705962,2.616705962,NA,,NA,Mix-Win
149,388,12.9903775,1.129903775,1.232420429,NA,NA,NA,NA,NA,NA,NA,NA,NA,NA,1.027387121,NA,NA,NA,NA,NA,1.029179219,1.218380993,NA,,0.839977446,Win-Mix
150,388,2.849740933,1.028497409,1.142857143,NA,NA,NA,NA,NA,NA,NA,NA,NA,NA,0.914137676,NA,NA,NA,NA,NA,0.903020212,1.013088633,NA,,0.79295179,Mix-Mix
151,390,-16.93811075,0.830618893,0.830618893,NA,NA,NA,NA,NA,NA,NA,NA,NA,NA,NA,NA,NA,NA,NA,NA,0.935759237,0.935759237,NA,,NA,Lose-Lose
152,396,-12.825705,0.87174295,0.87174295,NA,NA,NA,NA,NA,NA,NA,NA,NA,NA,NA,NA,NA,NA,NA,NA,0.939675146,0.939675146,NA,,NA,Lose-Mix
153,396,-16.106386,0.83893614,0.83893614,NA,NA,NA,NA,NA,NA,NA,NA,NA,NA,NA,NA,NA,NA,NA,NA,0.919656051,0.919656051,NA,,NA,Lose-Mix
154,396,-2.992665,0.97007335,0.97007335,NA,NA,NA,NA,NA,NA,NA,NA,NA,NA,NA,NA,NA,NA,NA,NA,1.089019701,1.089019701,NA,,NA,Lose-Win
156,406,12.91217877,1.129121788,1.200178872,NA,NA,NA,NA,NA,NA,NA,NA,NA,1.003530501,1.16,NA,NA,NA,NA,1.152777778,1.564984489,2.419783006,NA,0.710185972,NA,Win-Mix
157,407,93.74042258,1.937404226,1.477555842,NA,NA,NA,NA,NA,NA,NA,NA,NA,NA,2.39725261,NA,NA,NA,NA,NA,2.499521085,2.499521085,Positive,,NA,Win-Win
158,407,6.220246242,1.062202462,0.910760309,NA,NA,NA,NA,NA,NA,NA,NA,NA,NA,1.213644616,NA,NA,NA,NA,NA,1.37118624,1.37118624,Negative,,NA,Mix-Mix
159,407,108.8977139,2.088977139,2.206400344,NA,NA,NA,NA,NA,NA,NA,NA,NA,NA,1.971553935,NA,NA,NA,NA,NA,2.224496181,2.224496181,Positive,,NA,Win-Win
161,410,127.1569952,2.271569952,1.094459761,NA,NA,NA,NA,NA,NA,NA,1.3978022,NA,NA,6.7083333,0.9649468,NA,NA,NA,1.1923077,1.0390625,1.0390625,NA,,NA,Mix-Win
162,410,216.8192263,3.168192263,1.107785217,NA,NA,NA,NA,NA,NA,NA,1.9296703,NA,NA,10.541667,0.9733773,NA,NA,NA,1.2884615,1.046875,1.046875,NA,,NA,Mix-Win
163,410,92.79832536,1.927983254,1.035972168,NA,NA,NA,NA,NA,NA,NA,1.4527473,NA,NA,5.2083333,0.9620943,NA,NA,NA,0.9807692,1.03125,1.03125,NA,,NA,Mix-Win
164,412,12.88180895,1.12881809,1.16,NA,NA,NA,NA,NA,NA,NA,NA,NA,NA,1.097636179,NA,NA,NA,NA,NA,1.112920111,1.016102395,NA,1.209737828,NA,Win-Mix
166,418,51.20712592,1.512071259,1.979698074,NA,NA,NA,NA,NA,NA,NA,NA,NA,NA,1.044444444,NA,NA,NA,NA,NA,1.051282051,NA,1.051282051,,NA,Win-Win
167,418,22.87638567,1.228763857,1.518638824,NA,NA,NA,NA,NA,NA,NA,NA,NA,NA,0.938888889,NA,NA,NA,NA,NA,0.897435897,NA,0.897435897,,NA,Mix-Mix
168,418,29.30441715,1.293044171,1.57284331,NA,NA,NA,NA,NA,NA,NA,NA,NA,NA,1.013245033,NA,NA,NA,NA,NA,1.108695652,NA,1.108695652,,NA,Win-Win
169,421,37.05419,1.3705419,1.3705419,NA,NA,NA,NA,NA,NA,NA,NA,NA,NA,NA,NA,NA,NA,NA,NA,1.697986577,1.697986577,NA,,NA,Win-Mix
170,421,38.612361,1.38612361,1.38612361,NA,NA,NA,NA,NA,NA,NA,NA,NA,NA,NA,NA,NA,NA,NA,NA,0.852348993,0.852348993,NA,,NA,Win-Lose
171,421,4.201681,1.04201681,1.04201681,NA,NA,NA,NA,NA,NA,NA,NA,NA,NA,NA,NA,NA,NA,NA,NA,0.797752809,0.797752809,NA,,NA,Win-Mix
172,421,75.969424,1.75969424,1.75969424,NA,NA,NA,NA,NA,NA,NA,NA,NA,NA,NA,NA,NA,NA,NA,NA,1.261235955,1.261235955,NA,,NA,Win-Win
173,421,13.392541,1.13392541,1.13392541,NA,NA,NA,NA,NA,NA,NA,NA,NA,NA,NA,NA,NA,NA,NA,NA,1.071782178,1.071782178,NA,,NA,Win-Win
174,421,33.982025,1.33982025,1.33982025,NA,NA,NA,NA,NA,NA,NA,NA,NA,NA,NA,NA,NA,NA,NA,NA,0.940594059,0.940594059,NA,,NA,Win-Lose
175,422,8.390132743,1.083901327,1.047991565,NA,NA,NA,NA,NA,NA,NA,1.05511811,NA,1.267367883,NA,0.967912814,1.282138375,NA,NA,0.882879218,0.951675687,1.141446613,NA,0.761904762,NA,Mix-Mix
176,422,12.2964824,1.122964824,1.115906433,NA,NA,NA,NA,NA,NA,NA,1.00811908,NA,0.755926521,NA,1.252589697,1.467233309,NA,NA,1.138013905,0.846196352,0.930487943,NA,0.761904762,NA,Mix-Lose
177,423,13.5629841,1.135629841,0.971259682,NA,NA,NA,NA,NA,NA,NA,NA,NA,NA,NA,1.3,NA,NA,NA,NA,0.978328358,1.118443316,NA,0.8382134,Positive ,Mix-Mix
178,423,4.007073335,1.040070733,0.960841491,NA,NA,NA,NA,NA,NA,NA,NA,NA,NA,NA,1.1193,NA,NA,NA,NA,0.978328358,1.118443316,NA,0.8382134,Positive,Mix-Mix
179,425,-4.716361112,0.952836389,0.946837242,NA,NA,NA,NA,NA,NA,NA,0.911671924,NA,NA,NA,1,NA,NA,NA,NA,0.683333333,0.683333333,Negative,,NA,Mix-Lose
180,428,20,1.2,1.2,NA,NA,NA,NA,NA,NA,NA,NA,NA,NA,NA,NA,NA,NA,NA,NA,0.6613546,NA,NA,0.6613546,NA,Win-Mix
181,428,35.714286,1.35714286,1.35714286,NA,NA,NA,NA,NA,NA,NA,NA,NA,NA,NA,NA,NA,NA,NA,NA,0.9,NA,NA,0.9,NA,Win-Mix
183,435,6.21062,1.0621062,1.0621062,NA,NA,NA,NA,NA,NA,NA,NA,NA,NA,NA,NA,NA,NA,NA,NA,1.03344507,1.39285714,NA,0.674033,NA,Win-Mix
184,435,22.9523,1.229523,1.229523,NA,NA,NA,NA,NA,NA,NA,NA,NA,NA,NA,NA,NA,NA,NA,NA,1.135359,1.5,NA,0.770718,NA,Win-Mix
185,435,13.14131,1.1314131,1.1314131,NA,NA,NA,NA,NA,NA,NA,NA,NA,NA,NA,NA,NA,NA,NA,NA,0.949906285,1.25892857,NA,0.640884,NA,Win-Mix
186,435,-19.26193,0.8073807,0.8073807,NA,NA,NA,NA,NA,NA,NA,NA,NA,NA,NA,NA,NA,NA,NA,NA,0.915844355,0.96428571,NA,0.867403,NA,Lose-Lose
187,435,1.62016,1.0162016,1.0162016,NA,NA,NA,NA,NA,NA,NA,NA,NA,NA,NA,NA,NA,NA,NA,NA,0.940953,1.125,NA,0.756906,NA,Win-Mix
188,435,27.18272,1.2718272,1.2718272,NA,NA,NA,NA,NA,NA,NA,NA,NA,NA,NA,NA,NA,NA,NA,NA,1.192827785,1.44642857,NA,0.939227,NA,Win-Mix
189,435,12.39872,1.1239872,1.1239872,NA,NA,NA,NA,NA,NA,NA,NA,NA,NA,NA,NA,NA,NA,NA,NA,1.195795125,1.71755725,NA,0.674033,NA,Win-Mix
190,435,26.31967,1.2631967,1.2631967,NA,NA,NA,NA,NA,NA,NA,NA,NA,NA,NA,NA,NA,NA,NA,NA,1.27848877,1.78625954,NA,0.770718,NA,Win-Mix
191,435,30.07611,1.3007611,1.3007611,NA,NA,NA,NA,NA,NA,NA,NA,NA,NA,NA,NA,NA,NA,NA,NA,1.236472535,1.83206107,NA,0.640884,NA,Win-Mix
192,435,-17.8738,0.821262,0.821262,NA,NA,NA,NA,NA,NA,NA,NA,NA,NA,NA,NA,NA,NA,NA,NA,0.937518295,1.00763359,NA,0.867403,NA,Lose-Mix
193,435,5.7697,1.057697,1.057697,NA,NA,NA,NA,NA,NA,NA,NA,NA,NA,NA,NA,NA,NA,NA,NA,0.962422465,1.16793893,NA,0.756906,NA,Win-Mix
194,435,51.73091,1.5173091,1.5173091,NA,NA,NA,NA,NA,NA,NA,NA,NA,NA,NA,NA,NA,NA,NA,NA,1.305491365,1.67175573,NA,0.939227,NA,Win-Mix
195,435,44.35644,1.4435644,1.4435644,NA,NA,NA,NA,NA,NA,NA,NA,NA,NA,NA,NA,NA,NA,NA,NA,1.3682665,2.0625,NA,0.674033,NA,Win-Mix
196,435,51.68317,1.5168317,1.5168317,NA,NA,NA,NA,NA,NA,NA,NA,NA,NA,NA,NA,NA,NA,NA,NA,1.447859,2.125,NA,0.770718,NA,Win-Mix
197,435,38.81188,1.3881188,1.3881188,NA,NA,NA,NA,NA,NA,NA,NA,NA,NA,NA,NA,NA,NA,NA,NA,1.382942,2.125,NA,0.640884,NA,Win-Mix
198,435,1.18812,1.0118812,1.0118812,NA,NA,NA,NA,NA,NA,NA,NA,NA,NA,NA,NA,NA,NA,NA,NA,1.0274515,1.1875,NA,0.867403,NA,Win-Mix
199,435,37.82178,1.3782178,1.3782178,NA,NA,NA,NA,NA,NA,NA,NA,NA,NA,NA,NA,NA,NA,NA,NA,1.253453,1.75,NA,0.756906,NA,Win-Mix
200,435,64.9505,1.649505,1.649505,NA,NA,NA,NA,NA,NA,NA,NA,NA,NA,NA,NA,NA,NA,NA,NA,1.4383635,1.9375,NA,0.939227,NA,Win-Mix
201,436,79.8920795,1.798920795,1.79159159,NA,NA,NA,NA,NA,NA,NA,NA,NA,NA,1.80625,NA,NA,NA,NA,NA,1.030434783,1.030434783,NA,Mixed,Mixed,Win-Mix
202,441,33.04271242,1.330427124,1.25769231,NA,NA,NA,NA,NA,NA,NA,NA,NA,NA,1.2857143,1.75,NA,NA,NA,1.028301887,1.583024063,1.583024063,NA,,NA,Win-Win
203,441,10.53338169,1.105333817,1.18076923,NA,NA,NA,NA,NA,NA,NA,NA,NA,NA,1,1.25,NA,NA,NA,0.990566038,1.254639052,1.254639052,NA,,NA,Mix-Win
204,444,-3.143219265,0.968567807,0.503802281,NA,NA,NA,NA,NA,NA,NA,NA,NA,NA,NA,1.433333333,NA,NA,NA,NA,0.593155894,0.593155894,NA,,NA,Mix-Lose
205,444,52.72813688,1.527281369,1.604562738,NA,NA,NA,NA,NA,NA,NA,NA,NA,NA,NA,1.45,NA,NA,NA,NA,3.152091255,3.152091255,NA,,NA,Win-Win
206,444,15.96958175,1.159695817,1.159695817,NA,NA,NA,NA,NA,NA,NA,NA,NA,NA,NA,NA,NA,NA,NA,NA,3.161977186,3.161977186,NA,,NA,Win-Win
207,444,-11.78707224,0.882129278,0.882129278,NA,NA,NA,NA,NA,NA,NA,NA,NA,NA,NA,NA,NA,NA,NA,NA,1.353612167,1.353612167,NA,,NA,Lose-Win
208,444,60.45627376,1.604562738,1.604562738,NA,NA,NA,NA,NA,NA,NA,NA,NA,NA,NA,NA,NA,NA,NA,NA,3.152091255,3.152091255,NA,,NA,Win-Win
209,444,69.58174905,1.69581749,1.69581749,NA,NA,NA,NA,NA,NA,NA,NA,NA,NA,NA,NA,NA,NA,NA,NA,3.583269962,3.583269962,NA,,NA,Win-Win
210,453,5.168224,1.05168224,1.03190602,NA,NA,NA,NA,NA,NA,NA,1.0912347,NA,NA,NA,1.031906,NA,NA,NA,NA,1.111948302,1.132454004,NA,1.0914426,Positive,Win-Win
211,461,16.849605,1.16849605,1.2224551,NA,NA,NA,NA,NA,NA,NA,NA,NA,1.114537,,NA,NA,NA,NA,NA,1.194058612,NA,NA,1.342442224,1.045675,Win-Win
212,461,33.410595,1.33410595,1.1655689,NA,NA,NA,NA,NA,NA,NA,NA,NA,1.502643,,NA,NA,NA,NA,NA,1.182457651,NA,NA,1.364915303,1,Win-Mix
213,461,23.59088,1.2359088,1.3577236,NA,NA,NA,NA,NA,NA,NA,NA,NA,1.114094,,NA,NA,NA,NA,NA,1.089534211,NA,NA,1.258714423,0.920354,Win-Mix
214,461,33.013465,1.33013465,1.1578853,NA,NA,NA,NA,NA,NA,NA,NA,NA,1.502384,,NA,NA,NA,NA,NA,0.869866845,NA,NA,0.71689569,1.022838,Win-Mix
215,461,33.013465,1.33013465,1.1578853,NA,NA,NA,NA,NA,NA,NA,NA,NA,1.502384,,NA,NA,NA,NA,NA,0.918385897,NA,NA,0.845104795,0.991667,Win-Lose
216,461,37.8744,1.378744,1.254878,NA,NA,NA,NA,NA,NA,NA,NA,NA,1.50261,,NA,NA,NA,NA,NA,0.869089516,NA,NA,0.826511033,0.911668,Win-Lose
217,477,39.0599657,1.390599657,1.44924055,NA,NA,NA,NA,NA,NA,NA,NA,NA,1.331958763,NA,NA,NA,NA,NA,NA,1.357649443,1.357649443,NA,,NA,Win-Win
218,478,62.5447485,1.625447485,1.62544748,NA,NA,NA,NA,NA,NA,Positive,NA,NA,NA,NA,NA,NA,NA,NA,NA,1.580953085,2.212667591,NA,0.949238579,NA,Win-Win
219,489,34.70546487,1.347054649,1.34705465,NA,NA,NA,NA,NA,NA,NA,NA,NA,NA,NA,NA,NA,NA,NA,NA,1.853690304,1.853690304,NA,,NA,Win-Win
220,495,34.76577732,1.347657773,1.474922326,1.1439,NA,NA,NA,NA,NA,NA,1.357764673,NA,1.414087513,NA,NA,NA,NA,NA,NA,1.403208146,2.261437908,NA,0.974093264,0.974093264,Win-Mix
221,495,13.54815407,1.135481541,1.250776742,1.0822,NA,NA,NA,NA,NA,NA,1.070204999,NA,1.138740662,NA,NA,NA,NA,NA,NA,1.235452154,1.758169935,NA,0.974093264,0.974093264,Win-Mix
222,496,55.54464274,1.555446427,1.50813008,NA,NA,NA,NA,NA,NA,NA,NA,NA,NA,1.602762773,NA,NA,NA,NA,NA,1.159676952,1.315080400,NA,1.004273504,NA,Win-Win
223,496,24.75622139,1.247562214,1.52032520,NA,NA,NA,NA,NA,NA,NA,NA,NA,NA,0.974799225,NA,NA,NA,NA,NA,1.317289584,1.485006519,NA,1.14957265,NA,Mix-Win
224,496,53.15721167,1.531572117,1.56097561,NA,NA,NA,NA,NA,NA,NA,NA,NA,NA,1.502168624,NA,NA,NA,NA,NA,1.405186151,1.494132986,NA,1.316239316,NA,Mix-Win
226,497,1.707317073,1.017073171,1.017073171,NA,NA,NA,NA,NA,NA,NA,NA,NA,NA,NA,NA,NA,NA,NA,NA,1.39475052,1.39475052,NA,,NA,Win-Win
227,497,-22.50922509,0.774907749,0.774907749,NA,NA,NA,NA,NA,NA,NA,NA,NA,NA,NA,NA,NA,NA,NA,NA,1.330751708,1.330751708,NA,,NA,Lose-Win
228,505,-3.307529909,0.966924701,0.966924701,NA,NA,NA,NA,NA,NA,NA,NA,NA,NA,NA,NA,NA,NA,NA,NA,1.03,1.03,NA,,NA,Lose-Win
229,505,26.5306122,1.265306122,1.265306122,NA,NA,NA,NA,NA,NA,NA,NA,NA,NA,NA,NA,NA,NA,NA,NA,1.33,1.33,NA,,NA,Win-Win
230,505,27.79732583,1.277973258,1.277973258,NA,NA,NA,NA,NA,NA,NA,NA,NA,NA,NA,NA,NA,NA,NA,NA,1.34,1.34,NA,,NA,Win-Win
231,505,25.12315271,1.251231527,1.251231527,NA,NA,NA,NA,NA,NA,NA,NA,NA,NA,NA,NA,NA,NA,NA,NA,1.335,1.335,NA,,NA,Win-Win
232,505,3.870513723,1.038705137,1.038705137,NA,NA,NA,NA,NA,NA,NA,NA,NA,NA,NA,NA,NA,NA,NA,NA,1.125,1.125,NA,,NA,Win-Win
233,506,30.84421801,1.30844218,1.388185654,NA,NA,NA,NA,NA,NA,1.979591837,NA,NA,NA,1.333333333,1.411764706,0.429335371,Negative,NA,NA,1.062893082,1.062893082,NA,,NA,Mix-Win
234,506,37.03528815,1.370352882,1.41350211,NA,NA,NA,NA,NA,NA,1.795918367,NA,NA,NA,1.384615385,1.401960784,0.855767762,Negative,NA,NA,0.886792453,0.886792453,NA,,NA,Mix-Lose
235,506,46.01005922,1.460100592,1.873417722,NA,NA,NA,NA,NA,NA,1.367346939,NA,NA,NA,1.692307692,1.754901961,0.612528648,Negative,NA,NA,1.144654088,1.144654088,NA,,NA,Mix-Win
236,510,-6.276750838,0.937232492,0.940464983,NA,NA,NA,NA,NA,NA,NA,NA,NA,NA,0.934,NA,NA,NA,NA,NA,0.966734169,0.966734169,NA,,NA,Lose-Lose
237,510,60.88587096,1.60885871,1.189145991,NA,NA,NA,NA,NA,NA,NA,NA,NA,NA,2.028571429,NA,NA,NA,NA,NA,0.830368038,0.830368038,NA,,NA,Win-Lose
238,510,114.866766,2.14866766,1.340192462,NA,NA,NA,NA,NA,NA,NA,NA,NA,NA,2.957142857,NA,NA,NA,NA,NA,0.79342052,0.79342052,NA,,NA,Win-Lose
239,514,16.56585802,1.16565858,1.03344482,NA,NA,NA,NA,NA,NA,Positive,1.29787234,NA,NA,NA,NA,NA,NA,NA,NA,0.616477273,Positive,NA,0.616477273,NA,Win-Mix
244,528,9.398496,1.09398496,1.09398496,NA,NA,NA,NA,NA,NA,NA,NA,NA,NA,NA,NA,NA,NA,NA,NA,1.029748284,1.029748284,,,NA,Win-Win
245,528,2.030075,1.02030075,1.02030075,NA,NA,NA,NA,NA,NA,NA,NA,NA,NA,NA,NA,NA,NA,NA,NA,0.870251716,0.870251716,,,NA,Win-Mix
246,528,35.413534,1.35413534,1.35413534,NA,NA,NA,NA,NA,NA,NA,NA,NA,NA,NA,NA,NA,NA,NA,NA,1.109038902,1.109038902,,,NA,Win-Win
247,529,79.481638,1.79481638,1.79481638,NA,NA,NA,NA,NA,NA,NA,NA,NA,NA,NA,NA,NA,NA,NA,NA,2.134987503,2.134987503,NA,,NA,Win-Win
248,529,72.745847,1.72745847,1.72745847,NA,NA,NA,NA,NA,NA,NA,NA,NA,NA,NA,NA,NA,NA,NA,NA,1.846682889,1.846682889,NA,,NA,Win-Win
249,529,51.869078,1.51869078,1.51869078,NA,NA,NA,NA,NA,NA,NA,NA,NA,NA,NA,NA,NA,NA,NA,NA,1.307143803,1.307143803,NA,,NA,Win-Win
250,530,46.98382,1.4698382,1.4698382,NA,NA,NA,NA,NA,NA,NA,NA,NA,NA,NA,NA,NA,NA,NA,NA,1.95128917,1.95128917,NA,,NA,Win-Win
251,530,41.27647,1.4127647,1.4127647,NA,NA,NA,NA,NA,NA,NA,NA,NA,NA,NA,NA,NA,NA,NA,NA,1.841477253,1.841477253,NA,,NA,Win-Win
252,530,115.94388,2.1594388,2.1594388,NA,NA,NA,NA,NA,NA,NA,NA,NA,NA,NA,NA,NA,NA,NA,NA,2.23108687,2.23108687,NA,,NA,Win-Win
253,539,32.5788098,1.325788098,1.082495294,NA,NA,NA,NA,NA,NA,NA,NA,NA,NA,1.94,NA,NA,NA,NA,0.954869,0.957265,0.957265,NA,,Negative,Mix-Mix
254,539,147.2018001,2.472018001,1.229925737,NA,NA,NA,NA,NA,NA,NA,NA,NA,NA,5.16,NA,NA,NA,NA,1.026128266,1.034188034,1.034188034,NA,,Negative,Win-Mix
255,539,79.62832603,1.79628326,1.091842655,NA,NA,NA,NA,NA,NA,NA,NA,NA,NA,3.24,NA,NA,NA,NA,1.057007126,0.965811966,0.965811966,NA,,Negative,Win-Mix
256,539,84.99482399,1.84994824,1.156210515,NA,NA,NA,NA,NA,NA,NA,NA,NA,NA,3.32,NA,NA,NA,NA,1.073634204,0.914529915,0.914529915,NA,,Negative,Win-Mix
257,539,114.0182576,2.140182576,1.075417086,NA,NA,NA,NA,NA,NA,NA,NA,NA,NA,4.3,NA,NA,NA,NA,1.045130641,0.897435897,0.897435897,NA,,Negative,Win-Mix
258,540,0.768514667,1.007685147,0.98635824,NA,NA,NA,NA,NA,NA,NA,NA,NA,NA,1.0366972,1,NA,NA,NA,NA,0.9597141,0.9597141,NA,,Negative,Mix-Mix
259,540,-0.870532667,0.991294673,0.94439502,NA,NA,NA,NA,NA,NA,NA,NA,NA,NA,1.029489,1,NA,NA,NA,NA,0.9132554,0.9132554,NA,,Positive,Mix-Mix
260,542,27.04832101,1.27048321,1.13,NA,NA,NA,NA,NA,NA,NA,1.26,NA,1.43,1.103970543,NA,NA,NA,NA,1.428445507,1.171949419,1.171949419,NA,,NA,Win-Win
261,546,25.92927,1.2592927,1.6237854,NA,NA,0.8948,NA,NA,NA,NA,NA,NA,NA,NA,NA,NA,NA,NA,NA,6.22965313,6.22965313,NA,,NA,Mix-Win
262,546,12.33113,1.1233113,1.3704226,NA,NA,0.8762,NA,NA,NA,NA,NA,NA,NA,NA,NA,NA,NA,NA,NA,3.62222899,3.62222899,NA,,NA,Mix-Win
263,546,6.781655,1.06781655,1.3026331,NA,NA,0.833,NA,NA,NA,NA,NA,NA,NA,NA,NA,NA,NA,NA,NA,3.02822351,3.02822351,NA,,NA,Mix-Win
264,546,4.00127,1.0400127,1.3273254,NA,NA,0.7527,NA,NA,NA,NA,NA,NA,NA,NA,NA,NA,NA,NA,NA,3.23269276,3.23269276,NA,,NA,Mix-Win
266,560,10.63282,1.1063282,1.2629045,NA,NA,NA,NA,NA,NA,NA,NA,NA,NA,1.0214271,NA,NA,NA,NA,1.034653,1.481695063,1.481695063,NA,,NA,Win-Win
267,563,-2.325017325,0.976749827,0.896742897,NA,NA,NA,NA,NA,NA,NA,NA,NA,NA,NA,1.056756757,NA,NA,NA,NA,1.017377567,1.017377567,NA,,NA,Mix-Win
268,564,-17.892504,0.82107496,0.82107496,NA,NA,NA,NA,NA,NA,NA,NA,NA,NA,NA,NA,NA,NA,NA,NA,1.342054691,1.342054691,NA,,NA,Lose-Mix
269,564,-1.647768,0.98352232,0.98352232,NA,NA,NA,NA,NA,NA,NA,NA,NA,NA,NA,NA,NA,NA,NA,NA,1.652636712,1.652636712,NA,,NA,Lose-Mix
270,564,6.546415,1.06546415,1.06546415,NA,NA,NA,NA,NA,NA,NA,NA,NA,NA,NA,NA,NA,NA,NA,NA,1.415435044,1.415435044,NA,,NA,Win-Win
271,564,22.393,1.22393,1.22393,NA,NA,NA,NA,NA,NA,NA,NA,NA,NA,NA,NA,NA,NA,NA,NA,2.286728464,2.286728464,NA,,NA,Win-Win
272,564,279.435364,3.79435364,3.79435364,NA,NA,NA,NA,NA,NA,NA,NA,NA,NA,NA,NA,NA,NA,NA,NA,3.768846784,3.768846784,NA,,Positive,Win-Win
273,564,181.400084,2.81400084,2.81400084,NA,NA,NA,NA,NA,NA,NA,NA,NA,NA,NA,NA,NA,NA,NA,NA,3.441132347,3.441132347,NA,,Positive,Win-Win
274,567,12.40259107,1.124025911,1.155991736,NA,NA,NA,NA,NA,NA,NA,NA,NA,NA,NA,1.092060086,NA,NA,NA,NA,1.119837386,1.238308652,NA,,1.00136612,Win-Win
275,567,15.99928575,1.159992857,1.362573099,NA,NA,NA,NA,NA,NA,NA,NA,NA,NA,NA,0.957412616,NA,NA,NA,NA,1.233382409,1.532217573,NA,,0.934547244,Mix-Mix
276,570,18.43024524,1.184302452,1.1596,NA,1.07692,NA,NA,0.901041667,1.5,Positive,NA,NA,NA,1.366426,1.2416851,NA,NA,NA,1.0444444,1.071203555,1.263736264,NA,1.0279296,0.9219448,Mix-Mix
277,574,66.89688239,1.668968824,1.263754045,NA,NA,NA,NA,NA,NA,NA,NA,NA,NA,1.116883117,3.1619048,NA,NA,NA,1.133333333,1.235902299,1.235902299,NA,,NA,Win-Win
278,575,17.93421634,1.179342163,1.183908046,NA,NA,NA,NA,1.037209302,NA,NA,1.224770642,NA,NA,1.265536723,1.185286104,NA,NA,NA,NA,1.112036154,1.240481574,NA,,0.983590734,Win-Mix
279,577,30.59259259,1.305925926,1.305925926,NA,NA,NA,NA,NA,NA,NA,NA,NA,NA,NA,NA,NA,NA,NA,NA,1.595138889,1.595138889,NA,,NA,Win-Win
280,582,96.24923925,1.962492393,2.99312147,NA,NA,NA,NA,NA,NA,NA,NA,NA,NA,1.1556586,2.5636227,NA,NA,NA,1.1375668,1.716341788,3.025184165,1.0217391,1.1021021,NA,Win-Mix
281,582,44.5514405,1.445514405,1.55517902,NA,NA,NA,NA,NA,NA,NA,NA,NA,NA,1.1384703,1.9631174,NA,NA,NA,1.1252909,1.226536246,1.618830638,1.0217391,1.039039,NA,Win-Mix
282,582,73.972606,1.73972606,2.73558914,NA,NA,NA,NA,NA,NA,NA,NA,NA,NA,1.1094273,2.0161124,NA,NA,NA,1.0977754,1.642868669,2.762192306,1.0643116,1.1021021,NA,Win-Win
283,582,42.342474,1.42342474,1.82935376,NA,NA,NA,NA,NA,NA,NA,NA,NA,NA,1.0700004,1.7262985,NA,NA,NA,1.0680463,1.374290151,2.019519854,1.0643116,1.039039,NA,Win-Win
284,582,170.1291028,2.701291028,5.34979461,NA,NA,NA,NA,NA,NA,NA,NA,NA,NA,1.08854,3.276748,NA,NA,NA,1.0900815,2.795843872,6.075752117,1.2096774,1.1021021,NA,Win-Win
285,582,113.13213,2.1313213,4.2351908,NA,NA,NA,NA,NA,NA,NA,NA,NA,NA,1.0843932,2.1188039,NA,NA,NA,1.0868973,2.661107588,5.734606363,1.2096774,1.039039,NA,Win-Win
286,583,-12.7457705,0.872542295,0.74508459,NA,NA,NA,NA,NA,NA,NA,NA,NA,NA,NA,1,NA,NA,NA,NA,1.434316354,1.434316354,NA,,NA,Mix-Mix
287,583,17.5811615,1.175811615,0.85162323,NA,NA,NA,NA,NA,NA,NA,NA,NA,NA,NA,1.5,NA,NA,NA,NA,0.514745308,0.514745308,NA,,NA,Mix-Mix
288,583,10.69385,1.1069385,0.963877,NA,NA,NA,NA,NA,NA,NA,NA,NA,NA,NA,1.25,NA,NA,NA,NA,1,1,NA,,NA,Mix-Mix
289,583,84.06577825,1.840657783,0.89379653,NA,NA,NA,NA,NA,NA,NA,NA,NA,NA,3.4444444,2.0243902,NA,NA,NA,1,1.82111437,1.82111437,NA,,NA,Mix-Win
290,583,76.20274025,1.762027403,0.84019851,NA,NA,NA,NA,NA,NA,NA,NA,NA,NA,3.0555556,2.097561,NA,NA,NA,1.0547945,0.944281525,0.944281525,NA,,NA,Mix-Mix
291,583,5.1226325,1.051226325,1.10245265,NA,NA,NA,NA,NA,NA,NA,NA,NA,NA,NA,1,NA,NA,NA,NA,2.850241546,2.850241546,NA,,NA,Mix-Win
292,583,15.47640233,1.154764023,1.04004967,NA,NA,NA,NA,NA,NA,NA,NA,NA,NA,NA,1.5,NA,NA,NA,0.9242424,1.618357488,1.618357488,NA,,NA,Mix-Mix
293,583,-3.4151,0.965849,0.931698,NA,NA,NA,NA,NA,NA,NA,NA,NA,NA,NA,1,NA,NA,NA,NA,2.323671498,2.323671498,NA,,NA,Mix-Mix
295,589,24.837345,1.24837345,1.2812729,NA,NA,NA,NA,NA,NA,NA,NA,NA,NA,NA,1.215474,NA,NA,NA,NA,1.33843085,1.33843085,NA,Negative ,Negative,Win-Mix
296,589,11.193515,1.11193515,1.1249313,NA,NA,NA,NA,NA,NA,NA,NA,NA,NA,NA,1.098939,NA,NA,NA,NA,1.26795213,1.26795213,NA,Negative ,Negative,Win-Mix
297,599,40.6928214,1.406928214,1.406928214,NA,NA,NA,NA,NA,NA,NA,NA,NA,NA,NA,NA,NA,NA,NA,NA,1.5333469,1.5333469,NA,Negative,Negative,Win-Mix
298,609,-0.1589905,0.998410095,0.96955128,NA,NA,NA,NA,NA,NA,NA,NA,NA,NA,1.153497,1.0016461,NA,NA,NA,0.868946,1.19381839,1.19381839,NA,Negative,Negative,Mix-Mix
299,613,2.156404064,1.021564041,1.112781955,NA,NA,NA,NA,NA,NA,NA,0.992537201,NA,NA,0.959372966,NA,NA,NA,NA,NA,1.120101645,1.120101645,NA,,NA,Mix-Win
303,618,9.136724667,1.091367247,1.16259274,NA,NA,NA,NA,NA,NA,NA,1,NA,NA,1.111509,NA,NA,NA,NA,NA,2.376328502,2.376328502,NA,,NA,Mix-Win
304,622,-56.25,0.4375,0.4375,NA,NA,NA,NA,NA,NA,NA,NA,NA,NA,NA,NA,NA,NA,NA,NA,1.536842105,1.536842105,NA,,NA,Lose-Win
305,622,-32.05128205,0.679487179,0.679487179,NA,NA,NA,NA,NA,NA,NA,NA,NA,NA,NA,NA,NA,NA,NA,NA,3.356164384,3.356164384,NA,,NA,Lose-Win
306,622,-49.56896552,0.504310345,0.504310345,NA,NA,NA,NA,NA,NA,NA,NA,NA,NA,NA,NA,NA,NA,NA,NA,6.921052632,6.921052632,NA,,NA,Lose-Win
307,622,-38.88888889,0.611111111,0.611111111,NA,NA,NA,NA,NA,NA,NA,NA,NA,NA,NA,NA,NA,NA,NA,NA,0.8,0.8,NA,,NA,Lose-Lose
308,622,-38.46153846,0.615384615,0.615384615,NA,NA,NA,NA,NA,NA,NA,NA,NA,NA,NA,NA,NA,NA,NA,NA,0.821917808,0.821917808,NA,,NA,Lose-Lose
309,622,-39.65517241,0.603448276,0.603448276,NA,NA,NA,NA,NA,NA,NA,NA,NA,NA,NA,NA,NA,NA,NA,NA,1.421052632,1.421052632,NA,,NA,Lose-Win
310,626,17.48184877,1.174818488,1.028499581,NA,NA,NA,NA,NA,NA,1.364705882,NA,NA,NA,NA,NA,NA,NA,NA,1.13125,1.344262295,1.344262295,NA,,NA,Win-Win
311,626,43.99288902,1.43992889,1.279128248,NA,NA,NA,NA,NA,NA,1.681283422,NA,NA,NA,NA,NA,NA,NA,NA,1.359375,1.389344262,1.389344262,NA,,NA,Win-Win
312,631,16.125175,1.16125175,1.1389157,NA,NA,NA,NA,NA,NA,NA,NA,NA,NA,NA,1.1835878,NA,NA,NA,NA,3.177909763,3.177909763,NA,Negative ,Negative,Win-Mix
314,647,-27.027483,0.72972517,0.72972517,NA,NA,NA,NA,NA,NA,Positive,NA,NA,Positive,NA,NA,NA,NA,NA,NA,1.287509239,1.287509239,Positive,,NA,Mix-Win
315,647,-30.489355,0.69510645,0.69510645,NA,NA,NA,NA,NA,NA,Positive,NA,NA,Positive,NA,NA,NA,NA,NA,NA,1.780776847,1.780776847,Positive,,NA,Mix-Win
316,666,1.5333585,1.015333585,1.03066717,NA,NA,NA,NA,NA,NA,1,NA,NA,NA,NA,NA,NA,NA,NA,NA,1.104110539,1.104110539,Positive,,NA,Mix-Win
317,668,25.403226,1.25403226,1.25403226,NA,NA,NA,NA,NA,NA,NA,NA,NA,NA,NA,NA,NA,NA,NA,NA,1.3,1.3,NA,Negative,NA,Win-Mix
318,671,65.07051,1.6507051,1.6507051,NA,NA,NA,NA,NA,NA,NA,NA,NA,NA,Positive,NA,NA,NA,NA,NA,1.234022722,1.234022722,NA,,NA,Win-Win
319,671,54.60772,1.5460772,1.5460772,NA,NA,NA,NA,NA,NA,NA,NA,NA,NA,Positive,NA,NA,NA,NA,NA,1.170261858,1.170261858,NA,,NA,Win-Win
320,673,11.92686065,1.119268606,1.124417178,NA,NA,NA,NA,1.108695652,NA,NA,NA,NA,NA,1.179058598,NA,NA,NA,NA,1.064902998,1.208431857,1.208431857,NA,,Negative ,Win-Mix
321,676,61.9047619,1.619047619,1.619047619,NA,NA,NA,NA,NA,NA,NA,NA,NA,NA,NA,NA,NA,NA,NA,NA,0.697674419,NA,0.697674419,,NA,Win-Lose
322,676,78,1.78,1.78,NA,NA,NA,NA,NA,NA,NA,NA,NA,NA,NA,NA,NA,NA,NA,NA,0.979591837,NA,0.979591837,,NA,Win-Lose
323,682,22.72558658,1.227255866,1.322192711,NA,NA,NA,NA,1.276964184,NA,NA,1.162125341,NA,NA,NA,1.315295601,NA,NA,NA,1.059701493,1.157277333,1.157277333,NA,,Positive,Win-Win
325,707,133.1208257,2.331208257,2.331208257,NA,NA,NA,NA,NA,NA,NA,NA,NA,NA,NA,NA,NA,NA,NA,NA,1.430123457,1.430123457,NA,,NA,Win-Win
326,708,-0.649519198,0.993504808,1.039026137,NA,NA,NA,NA,0.931912012,NA,NA,NA,NA,NA,NA,0.860978203,NA,NA,NA,1.14210288,1.63583815,1.63583815,NA,,NA,Mix-Win
327,708,3.989940333,1.039899403,1.032342201,NA,NA,NA,NA,1.11732148,NA,NA,NA,NA,NA,NA,0.763263936,NA,NA,NA,1.246669997,2.779661017,2.779661017,NA,,NA,Mix-Win
329,709,-4.97533025,0.950246697,1.034514756,NA,NA,1.035353535,NA,0.581253804,NA,NA,NA,NA,NA,NA,1.183444726,NA,NA,NA,0.916666667,4.513385827,4.513385827,NA,,NA,Mix-Win
330,710,14.30749534,1.143074953,1.143074953,NA,NA,NA,NA,NA,NA,NA,NA,NA,NA,NA,NA,NA,NA,NA,NA,3.632834758,3.63283476,NA,,NA,Win-Win
331,710,15.80891409,1.158089141,1.158089141,NA,NA,NA,NA,NA,NA,NA,NA,NA,NA,NA,NA,NA,NA,NA,NA,2.074786325,2.074786325,NA,,NA,Win-Win
332,710,12.86591841,1.128659184,1.128659184,NA,NA,NA,NA,NA,NA,NA,NA,NA,NA,NA,NA,NA,NA,NA,NA,3.397435897,3.397435897,NA,,NA,Win-Win
333,710,-15.40772849,0.845922715,0.845922715,NA,NA,NA,NA,NA,NA,NA,NA,NA,NA,NA,NA,NA,NA,NA,NA,1.22169059,1.22169059,NA,,NA,Lose-Win
334,711,61.86813187,1.618681319,1.618681319,NA,NA,NA,NA,NA,NA,NA,NA,NA,NA,NA,NA,NA,NA,NA,NA,1.897959184,1.897959184,NA,,Negative,Win-Mix
335,715,2.411636936,1.024116369,1.024116369,NA,NA,NA,NA,NA,NA,NA,NA,NA,NA,NA,NA,NA,NA,NA,NA,1.007925054,1.031995065,1.002331,0.989449004,NA,Win-Mix
336,720,44.3045263,1.443045263,1.443045263,NA,NA,NA,NA,NA,NA,NA,NA,NA,NA,NA,NA,NA,NA,NA,NA,1.099328872,1.23627749,Positive,,0.962380253,Win-Mix
337,725,-6.082589286,0.939174107,0.939174107,NA,NA,NA,NA,NA,NA,NA,NA,NA,NA,NA,NA,NA,NA,NA,NA,1.07498661,1.07498661,NA,,NA,Lose-Win
338,726,15.91919897,1.15919199,0.94697788,NA,NA,NA,NA,1.512556373,NA,NA,NA,NA,NA,1.152093421,NA,NA,NA,NA,1.025140285,1.072606275,1.048170587,1.097041963,,NA,Mix-Win
339,726,8.068534891,1.080685349,0.96124615,NA,NA,NA,NA,1.213814384,NA,NA,NA,NA,NA,1.133959935,NA,NA,NA,NA,1.013720926,1.103791362,1.074367088,1.133215636,,NA,Mix-Win
340,727,-6.315396114,0.936846039,0.936846039,NA,NA,NA,NA,NA,NA,NA,NA,NA,NA,NA,NA,NA,NA,NA,NA,1.124595938,1.195874341,1.053317536,,NA,Lose-Win
341,731,25.52948399,1.25529484,1.197006613,NA,NA,NA,NA,NA,NA,NA,NA,NA,NA,NA,1.313583067,NA,NA,NA,NA,1.448672739,1.448672739,NA,,NA,Win-Win
342,732,-0.326241491,0.996737585,0.996737585,NA,NA,NA,NA,NA,NA,NA,NA,NA,NA,NA,NA,NA,NA,NA,NA,12.5823138,23.67508534,1.489542255,,NA,Lose-Win
343,733,41.06703986,1.410670399,1.318802548,NA,NA,NA,NA,NA,NA,1.652917505,NA,NA,NA,1.00427151,1.666690032,NA,NA,NA,NA,1.571970069,1.571970069,NA,,NA,Win-Win
344,737,77.59291898,1.77592919,1.386354657,NA,NA,NA,NA,NA,NA,NA,NA,NA,NA,2.165503723,NA,NA,NA,NA,NA,5.049511871,5.049511871,NA,,NA,Win-Win
345,737,117.5259927,2.175259927,2.19219167,NA,NA,NA,NA,NA,NA,NA,NA,NA,NA,2.158328184,NA,NA,NA,NA,NA,5.199235581,5.199235581,NA,,NA,Win-Win
346,738,91.51160291,1.915116029,1.724929903,NA,NA,NA,NA,NA,NA,NA,NA,NA,NA,,2.105302156,NA,NA,NA,NA,1.002472757,1.063841219,0.941104294,,NA,Win-Mix
347,741,12.00463487,1.120046349,1.120046349,NA,NA,NA,NA,NA,NA,NA,NA,NA,NA,,NA,NA,NA,NA,NA,1.31341245,1.31341245,NA,,NA,Win-Win
348,742,19.08072647,1.190807265,1.343625498,NA,NA,NA,NA,NA,NA,NA,NA,NA,NA,1.241269841,0.987526455,NA,NA,NA,NA,1.260138287,1.371451509,1.148825065,,NA,Win-Win
349,742,29.97982267,1.299798227,1.681938911,NA,NA,NA,NA,NA,NA,NA,NA,NA,NA,1.231746032,0.985709737,NA,NA,NA,NA,1.517474272,1.750353243,1.2845953,,NA,Win-Win
350,742,28.38417691,1.283841769,1.347830899,NA,NA,NA,NA,NA,NA,NA,NA,NA,NA,1.511111111,0.992583297,NA,NA,NA,NA,1.21808094,1.3500,1.08616188,,NA,Win-Win
351,744,23.875,1.23875,1.3979,NA,NA,NA,NA,NA,NA,1.0796,NA,NA,NA,NA,NA,NA,NA,NA,NA,2.642677414,4.9719,NA,0.313411693,NA,Win-Mix
352,744,39.78,1.3978,1.5107,NA,NA,NA,NA,NA,NA,1.2849,NA,NA,NA,NA,NA,NA,NA,NA,NA,4.3125745,8.3388,NA,0.286349,NA,Win-Mix
353,744,31.87,1.3187,1.4245,NA,NA,NA,NA,NA,NA,1.2129,NA,NA,NA,NA,NA,NA,NA,NA,NA,4.9007205,9.3405,NA,0.460941,NA,Win-Mix
354,744,24.905,1.24905,1.4178,NA,NA,NA,NA,NA,NA,1.0803,NA,NA,NA,NA,NA,NA,NA,NA,NA,2.509493434,4.7827,NA,0.236299523,NA,Win-Mix
355,744,28.87,1.2887,1.3897,NA,NA,NA,NA,NA,NA,1.1877,NA,NA,NA,NA,NA,NA,NA,NA,NA,2.940026266,5.5348,NA,0.34526117,NA,Win-Mix
357,748,14.73684211,1.147368421,1.147368421,NA,NA,NA,NA,NA,NA,NA,NA,NA,NA,NA,NA,NA,NA,NA,NA,1.327641874,1.054395952,1.442528736,,1.486000933,Win-Win
359,758,132.7229466,2.327229466,2.327229466,NA,NA,NA,NA,NA,NA,NA,NA,NA,NA,NA,NA,NA,NA,NA,NA,1.344050422,2.473055726,0.846965699,0.712129841,NA,Win-Mix
362,765,124.2554741,2.242554741,2.242554741,NA,NA,NA,NA,NA,NA,NA,NA,NA,NA,NA,NA,NA,NA,NA,NA,1.394194512,2.062533645,0.725855379,,NA,Win-Mix
363,766,-6.352768445,0.936472316,0.936472316,NA,NA,NA,NA,NA,NA,NA,NA,NA,NA,NA,NA,NA,NA,NA,NA,1.158064861,1.158064861,NA,,NA,Lose-Win
366,768,-19.84375,0.8015625,0.80156250000000000,,NA,NA,NA,NA,NA,NA,NA,NA,NA,NA,NA,NA,NA,NA,NA,1.032608696,1.032608696,Negative,,NA,Lose-Mix
374,772,65.26920893,1.652692089,2.031321209,,NA,NA,NA,NA,NA,NA,1.37260274,NA,NA,NA,1.554152319,NA,NA,NA,NA,3.382765531,3.382765531,NA,,NA,Win-Win
375,776,16.1995263,1.161995263,1.103073646,NA,NA,NA,NA,NA,NA,NA,NA,NA,NA,NA,1.22091688,NA,NA,NA,NA,1.231012395,1.231012395,NA,,NA,Win-Win
376,776,11.94947045,1.119494705,1.228667072,NA,NA,NA,NA,NA,NA,NA,NA,NA,NA,NA,1.010322337,NA,NA,NA,NA,1.353598981,1.353598981,NA,,NA,Win-Win
377,778,13.53610585,1.135361059,1.034782609,NA,NA,NA,NA,NA,NA,NA,NA,NA,NA,1.046632124,1.078387458,1.437795181,NA,NA,1.079207921,1.141935484,1.141935484,NA,,NA,Win-Win
379,779,3.702036549,1.037020365,1.07337151,NA,NA,NA,NA,1.088050314,NA,NA,0.935691318,NA,NA,1.050968319,NA,NA,NA,NA,NA,0.899469278,0.850551459,0.948387097,,NA,Mix-Mix
380,779,2.07747032,1.020774703,1.059413028,NA,NA,NA,NA,1.06918239,NA,NA,0.919614148,NA,NA,1.034889247,NA,NA,NA,NA,NA,0.870763537,0.806043203,0.935483871,,NA,Mix-Mix
381,782,29.69723073,1.296972307,1.23943662,NA,NA,NA,NA,NA,NA,NA,NA,NA,NA,1.333298484,NA,NA,NA,NA,1.318181818,1.028379169,1.24600467,1.036253776,,0.802879061,Win-Mix
382,782,36.87952757,1.368795276,1.133802817,NA,NA,NA,NA,NA,NA,NA,NA,NA,NA,1.531024569,NA,NA,NA,NA,1.441558442,1.046946927,1.147166566,1.069486405,,0.924187809,Win-Mix
383,782,42.4085636,1.424085636,1.105633803,NA,NA,NA,NA,NA,NA,NA,NA,NA,NA,1.666623105,NA,NA,NA,NA,1.500000,1.038101887,1.113875645,1.058912387,,0.94151763,Win-Mix
384,783,20.45387563,1.204538756,1.293103448,NA,NA,NA,NA,NA,NA,NA,NA,NA,NA,1.166666667,NA,NA,NA,NA,1.153846154,1.331769464,1.668202555,0.995336373,,NA,Win-Mix
385,783,47.5236569,1.475236569,2.000000,NA,NA,NA,NA,NA,NA,NA,NA,NA,NA,1.194940476,NA,NA,NA,NA,1.230769231,1.909111725,3.031706204,0.786517245,,NA,Win-Mix
386,783,22.28656039,1.222865604,1.182156134,NA,NA,NA,NA,NA,NA,NA,NA,NA,NA,1.300000,NA,NA,NA,NA,1.186440678,1.148931073,1.322730924,0.975131222,,NA,Win-Mix
387,783,46.56455245,1.465645524,1.791821561,NA,NA,NA,NA,NA,NA,NA,NA,NA,NA,1.333928571,NA,NA,NA,NA,1.271186441,1.520542623,2.283148594,0.757936652,,NA,Win-Mix
388,784,-7.683582046,0.92316418,0.633879019,NA,NA,NA,NA,NA,NA,NA,NA,NA,1.052380952,1.083232568,NA,NA,NA,NA,NA,0.890621246,0.740289678,1.040952814,,NA,Mix-Mix
